alumni_id,alumni_name,alumni_graduation_year,alumni_degree,alumni_major,alumni_current_company,alumni_position,alumni_location,alumni_email,job_role,skills
ALM-0001,Rajesh Kulkarni,2015,Bachelor's,IIT Bombay — Computer Science,Infosys,Tech Lead,"Bangalore, India",rajesh.kulkarni2015@alumni.edu,Engineering,"Java, Spring Boot, Microservices, AWS, Team Leadership, Agile"
ALM-0002,Priya Mehta,2018,Master's,IIT Delhi — Business Administration,Reliance Industries,Senior Manager,"Mumbai, India",priya.mehta2018@alumni.edu,Management,"Strategic Planning, Operations, Team Management, Budgeting, Stakeholder Communication"
ALM-0003,Amit Verma,2020,Bachelor's,IIT Madras — Mechanical Engineering,Tata Motors,Design Engineer,"Pune, India",amit.verma2020@alumni.edu,Engineering,"CAD, SolidWorks, ANSYS, Product Design, GD&T, AutoCAD"
ALM-0004,Sneha Reddy,2016,PhD,IIT Kharagpur — Biotechnology,Biocon,Research Scientist,"Bangalore, India",sneha.reddy2016@alumni.edu,Research & Science,"Molecular Biology, PCR, ELISA, Cell Culture, Data Analysis, Scientific Writing"
ALM-0005,Vikram Singh,2019,Master's,IIT Kanpur — Data Science,Flipkart,Data Scientist,"Bangalore, India",vikram.singh2019@alumni.edu,Data & Analytics,"Python, Machine Learning, SQL, TensorFlow, Statistics, Data Visualization"
ALM-0006,Anjali Sharma,2017,Bachelor's,IIT Roorkee — Electronics Engineering,Samsung India,Hardware Engineer,"Noida, India",anjali.sharma2017@alumni.edu,Engineering,"VHDL, Embedded C, PCB Design, Oscilloscope, Signal Processing, ARM Cortex"
ALM-0007,Arjun Nair,2021,Master's,IIT Guwahati — Finance,HDFC Bank,Investment Analyst,"Mumbai, India",arjun.nair2021@alumni.edu,Finance,"Portfolio Management, Excel, Bloomberg Terminal, Financial Modeling, CFA"
ALM-0008,Kavitha Iyer,2014,Bachelor's,IIT Hyderabad — Civil Engineering,L&T Construction,Project Manager,"Chennai, India",kavitha.iyer2014@alumni.edu,Management,"MS Project, Risk Management, Budgeting, Agile, Stakeholder Management, PMP"
ALM-0009,Rohit Agarwal,2022,Master's,IIT Indore — Computer Science,Google India,Software Engineer,"Hyderabad, India",rohit.agarwal2022@alumni.edu,Engineering,"Python, Java, React, REST APIs, Git, Docker, CI/CD"
ALM-0010,Divya Krishnan,2016,Bachelor's,IIT BHU Varanasi — Architecture,Hafeez Contractor,Architect,"Mumbai, India",divya.krishnan2016@alumni.edu,Design & Architecture,"AutoCAD, Revit, SketchUp, Urban Planning, Structural Design, BIM"
ALM-0011,Suresh Patel,2019,PhD,IISc Bangalore — Chemistry,Dr. Reddy's Labs,Senior Researcher,"Hyderabad, India",suresh.patel2019@alumni.edu,Research & Science,"Organic Chemistry, HPLC, NMR, R&D, Lab Management, Scientific Writing"
ALM-0012,Meera Joshi,2020,Master's,IIIT Hyderabad — Artificial Intelligence,Microsoft India,ML Engineer,"Bangalore, India",meera.joshi2020@alumni.edu,Data & Analytics,"Python, PyTorch, TensorFlow, NLP, Model Deployment, MLOps, Cloud"
ALM-0013,Arun Kumar,2015,Bachelor's,IIIT Delhi — Journalism,The Hindu,Senior Journalist,"Delhi, India",arun.kumar2015@alumni.edu,Media & Communications,"Investigative Reporting, Content Writing, SEO, Video Editing, Public Speaking"
ALM-0014,Pooja Deshmukh,2018,Master's,BITS Pilani — Marketing,Hindustan Unilever,Brand Manager,"Mumbai, India",pooja.deshmukh2018@alumni.edu,Marketing,"Brand Strategy, Digital Marketing, Market Research, Campaign Management, Google Analytics"
ALM-0015,Karthik Subramanian,2017,Bachelor's,NIT Trichy — Electrical Engineering,Wipro,Technical Lead,"Chennai, India",karthik.subramanian2017@alumni.edu,Engineering,"Java, Microservices, AWS, DevOps, Code Review, Agile, System Design"
ALM-0016,Nandini Gupta,2021,Master's,NIT Warangal — Psychology,Apollo Hospitals,Clinical Psychologist,"Delhi, India",nandini.gupta2021@alumni.edu,Healthcare,"CBT, Psychotherapy, Mental Health Assessment, Counselling, Case Management"
ALM-0017,Siddharth Malhotra,2016,Bachelor's,IIM Ahmedabad — Commerce,Deloitte India,Senior Auditor,"Gurgaon, India",siddharth.malhotra2016@alumni.edu,Finance,"GAAP, Financial Reporting, Internal Controls, SAP, Risk Assessment, CA"
ALM-0018,Ananya Rao,2019,Master's,IIM Bangalore — Environmental Science,TERI,Environmental Consultant,"Delhi, India",ananya.rao2019@alumni.edu,Consulting,"EIA, GIS, Environmental Policy, Green Building, Sustainability Reporting"
ALM-0019,Varun Chopra,2020,Bachelor's,IIM Calcutta — Information Technology,TCS,Software Developer,"Pune, India",varun.chopra2020@alumni.edu,Engineering,"Java, Spring Boot, Angular, SQL, Git, Agile, REST APIs"
ALM-0020,Ritika Bansal,2022,Master's,XLRI Jamshedpur — Design,Titan Company,Product Designer,"Bangalore, India",ritika.bansal2022@alumni.edu,Design & Architecture,"Figma, Adobe XD, UI/UX, Prototyping, User Research, Design Systems"
ALM-0021,Kiran Bhat,2017,Bachelor's,FMS University of Delhi — Computer Science,Accenture India,Software Engineer,"Bangalore, India",kiran.bhat2017@alumni.edu,Engineering,"Python, Java, React, REST APIs, Git, Docker, CI/CD"
ALM-0022,Deepa Nambiar,2020,Master's,ISB Hyderabad — Data Science,Amazon India,Data Analyst,"Hyderabad, India",deepa.nambiar2020@alumni.edu,Data & Analytics,"SQL, Python, Tableau, Excel, Statistical Analysis, Power BI"
ALM-0023,Mohan Das,2014,PhD,Ashoka University — Physics,ISRO,Scientist,"Bangalore, India",mohan.das2014@alumni.edu,Research & Science,"Research Methodology, Laboratory Skills, Data Analysis, Technical Writing, MATLAB"
ALM-0024,Shreya Pillai,2019,Bachelor's,Manipal Institute of Technology — Biotechnology,Serum Institute,Research Associate,"Pune, India",shreya.pillai2019@alumni.edu,Research & Science,"PCR, Cell Culture, Literature Review, Data Collection, Lab Techniques"
ALM-0025,Naveen Menon,2021,Master's,VIT Vellore — Finance,Kotak Mahindra Bank,Financial Analyst,"Mumbai, India",naveen.menon2021@alumni.edu,Finance,"Excel, Financial Modeling, Forecasting, Power BI, Accounting, Bloomberg"
ALM-0026,Lakshmi Prasad,2016,Bachelor's,SRM Institute of Science and Technology — Civil Engineering,NHAI,Site Engineer,"Delhi, India",lakshmi.prasad2016@alumni.edu,Engineering,"AutoCAD, Site Supervision, Quantity Surveying, MS Project, Safety Management"
ALM-0027,Rahul Bhattacharya,2018,Master's,Anna University — Artificial Intelligence,Cognizant,AI Engineer,"Kolkata, India",rahul.bhattacharya2018@alumni.edu,Data & Analytics,"Python, NLP, Deep Learning, Transformer Models, MLOps, Cloud Platforms"
ALM-0028,Preethi Srinivasan,2015,Bachelor's,University of Delhi — Commerce,KPMG India,Tax Analyst,"Chennai, India",preethi.srinivasan2015@alumni.edu,Finance,"Income Tax, GST, Tax Planning, Tally, MS Excel, Compliance"
ALM-0029,Gaurav Pandey,2022,Master's,University of Mumbai — Mechanical Engineering,Mahindra & Mahindra,Product Engineer,"Pune, India",gaurav.pandey2022@alumni.edu,Engineering,"Python, API Design, Microservices, Docker, Git, Agile"
ALM-0030,Sowmya Krishnaswamy,2017,PhD,Jadavpur University — Genetics,NCBS,Postdoctoral Researcher,"Bangalore, India",sowmya.krishnaswamy2017@alumni.edu,Research & Science,"Next-Gen Sequencing, R, Python, Grant Writing, Scientific Publishing"
ALM-0031,Ravi Shankar,2020,Bachelor's,Christ University Bangalore — Information Technology,Capgemini,Systems Analyst,"Hyderabad, India",ravi.shankar2020@alumni.edu,Engineering,"Systems Design, SQL, Java, Business Analysis, SDLC, Documentation"
ALM-0032,Tanvi Shah,2018,Master's,St. Xavier's College Mumbai — Marketing,Nestlé India,Marketing Manager,"Mumbai, India",tanvi.shah2018@alumni.edu,Marketing,"Digital Marketing, SEO/SEM, CRM, Campaign Planning, Analytics, Social Media"
ALM-0033,Akash Tiwari,2016,Bachelor's,National Law School of India University — Electrical Engineering,BHEL,Junior Engineer,"Noida, India",akash.tiwari2016@alumni.edu,Engineering,"AutoCAD, Site Inspection, MS Office, Technical Drawing, Teamwork"
ALM-0034,Nisha Iyer,2021,Master's,NALSAR University of Law — Psychology,Fortis Healthcare,Counselling Psychologist,"Chennai, India",nisha.iyer2021@alumni.edu,Healthcare,"CBT, Client Assessment, Counselling Techniques, Report Writing, Empathy"
ALM-0035,Vivek Kapoor,2019,Bachelor's,OP Jindal Global University — Architecture,Morphogenesis,Junior Architect,"Delhi, India",vivek.kapoor2019@alumni.edu,Design & Architecture,"AutoCAD, Revit, SketchUp, Design Presentations, BIM, Teamwork"
ALM-0036,Swathi Balakrishnan,2022,Master's,National University of Singapore — Data Science,Mu Sigma,Business Analyst,"Bangalore, India",swathi.balakrishnan2022@alumni.edu,Consulting,"Requirement Gathering, SQL, Agile, Process Mapping, Stakeholder Management, Jira"
ALM-0037,Harish Nair,2014,Bachelor's,Nanyang Technological University — Journalism,NDTV,News Reporter,"Delhi, India",harish.nair2014@alumni.edu,Media & Communications,"News Writing, Field Reporting, Video Journalism, Social Media, Fact-Checking"
ALM-0038,Priya Goswami,2017,Master's,University of Pennsylvania — Business Administration,Wipro,Operations Manager,"Kolkata, India",priya.goswami2017@alumni.edu,Management,"Operations Planning, Process Improvement, ERP, Team Leadership, Six Sigma"
ALM-0039,Sunil Mathur,2015,PhD,London School of Economics — Chemistry,IIP,Senior Scientist,"Dehradun, India",sunil.mathur2015@alumni.edu,General Professional,"Organic Chemistry, HPLC, NMR, Lab Safety, R&D"
ALM-0040,Meghna Jain,2020,Bachelor's,University of Cambridge — Fashion Design,Fabindia,Design Associate,"Jaipur, India",meghna.jain2020@alumni.edu,Design & Architecture,"Fashion Illustration, Fabric Sourcing, Adobe Illustrator, Trend Forecasting"
ALM-0041,Ajith Kumar,2018,Master's,IIT Bombay — Computer Science,Oracle India,Database Administrator,"Hyderabad, India",ajith.kumar2018@alumni.edu,Engineering,"Oracle, MySQL, PostgreSQL, SQL Tuning, Backup & Recovery, Linux"
ALM-0042,Rekha Sundaram,2016,Bachelor's,IIT Delhi — Nursing,Apollo Hospitals,Staff Nurse,"Chennai, India",rekha.sundaram2016@alumni.edu,Healthcare,"Patient Care, Wound Dressing, IV Therapy, EMR, Team Collaboration"
ALM-0043,Aditya Shetty,2021,Master's,IIT Madras — Finance,Axis Bank,Credit Analyst,"Mumbai, India",aditya.shetty2021@alumni.edu,Finance,"Credit Appraisal, Financial Statements, Risk Assessment, Excel, Banking"
ALM-0044,Chandana Rao,2019,Bachelor's,IIT Kharagpur — Environmental Science,WWF India,Conservation Officer,"Hyderabad, India",chandana.rao2019@alumni.edu,Research & Science,"Wildlife Conservation, GIS, Field Research, Environmental Policy, Report Writing"
ALM-0045,Manoj Tripathi,2017,Bachelor's,IIT Kanpur — Mechanical Engineering,Hero MotoCorp,Quality Engineer,"Gurgaon, India",manoj.tripathi2017@alumni.edu,Engineering,"Six Sigma, SPC, FMEA, ISO 9001, AutoCAD, Quality Auditing"
ALM-0046,Pallavi Menon,2022,Master's,IIT Roorkee — Business Administration,Myntra,Category Manager,"Bangalore, India",pallavi.menon2022@alumni.edu,Management,"Vendor Management, Merchandising, Supply Chain, Data Analysis, Negotiation"
ALM-0047,Arjun Bose,2015,PhD,IIT Guwahati — Astrophysics,TIFR,Research Fellow,"Mumbai, India",arjun.bose2015@alumni.edu,Research & Science,"Astrophysics, Python, Data Reduction, Scientific Writing, LaTeX, IDL"
ALM-0048,Divyashree Hegde,2020,Bachelor's,IIT Hyderabad — Computer Science,Infosys,Software Developer,"Mangalore, India",divyashree.hegde2020@alumni.edu,Engineering,"Java, Spring Boot, Angular, SQL, Git, Agile, REST APIs"
ALM-0049,Senthil Kumar,2018,Master's,IIT Indore — Electrical Engineering,Siemens India,Project Engineer,"Chennai, India",senthil.kumar2018@alumni.edu,General Professional,"AutoCAD Electrical, PLC, Power Systems, MATLAB, Circuit Analysis"
ALM-0050,Amruta Deshpande,2016,Bachelor's,IIT BHU Varanasi — Psychology,iCall,Counsellor,"Pune, India",amruta.deshpande2016@alumni.edu,Healthcare,"Active Listening, CBT, Crisis Support, Case Notes, Mental Health Awareness"
ALM-0051,Vaibhav Gupta,2019,Master's,IISc Bangalore — Data Science,Paytm,Data Scientist,"Noida, India",vaibhav.gupta2019@alumni.edu,Data & Analytics,"Python, Machine Learning, SQL, TensorFlow, Statistics, Data Visualization"
ALM-0052,Brinda Namboodiri,2017,Bachelor's,IIIT Hyderabad — Civil Engineering,Shapoorji Pallonji,Site Supervisor,"Kochi, India",brinda.namboodiri2017@alumni.edu,Engineering,"Construction Management, AutoCAD, Safety Compliance, MS Project, Coordination"
ALM-0053,Rohini Das,2021,Master's,IIIT Delhi — Marketing,Swiggy,Growth Manager,"Bangalore, India",rohini.das2021@alumni.edu,Marketing,"Growth Hacking, A/B Testing, SQL, Digital Analytics, CRM, User Acquisition"
ALM-0054,Pranav Mishra,2015,Bachelor's,BITS Pilani — Commerce,EY India,Audit Associate,"Delhi, India",pranav.mishra2015@alumni.edu,Finance,"Audit, Tally, MS Excel, GST, Financial Statements, Compliance"
ALM-0055,Keerthi Rajan,2020,PhD,NIT Trichy — Microbiology,DBT,Scientist,"Hyderabad, India",keerthi.rajan2020@alumni.edu,Research & Science,"Research Methodology, Laboratory Skills, Data Analysis, Technical Writing, MATLAB"
ALM-0056,Tushar Joshi,2018,Master's,NIT Warangal — Artificial Intelligence,Tata Consultancy Services,AI Consultant,"Pune, India",tushar.joshi2018@alumni.edu,Consulting,"Machine Learning, NLP, Stakeholder Management, Python, Solution Architecture"
ALM-0057,Hema Prabhu,2016,Bachelor's,IIM Ahmedabad — Economics,RBI,Research Officer,"Mumbai, India",hema.prabhu2016@alumni.edu,Research & Science,"Policy Research, Data Analysis, Report Writing, SPSS, Econometrics"
ALM-0058,Abhishek Chawla,2022,Master's,IIM Bangalore — Computer Science,Adobe India,Software Engineer,"Noida, India",abhishek.chawla2022@alumni.edu,Engineering,"Python, Java, React, REST APIs, Git, Docker, CI/CD"
ALM-0059,Saranya Venkatesh,2019,Bachelor's,IIM Calcutta — Biotechnology,Strand Life Sciences,Bioinformatics Analyst,"Bangalore, India",saranya.venkatesh2019@alumni.edu,Research & Science,"Python, R, NGS Analysis, Genomics, Biopython, Linux, Data Visualization"
ALM-0060,Nilesh Pawar,2017,Master's,XLRI Jamshedpur — Finance,ICICI Bank,Relationship Manager,"Pune, India",nilesh.pawar2017@alumni.edu,Finance,"Client Servicing, Cross-selling, KYC/AML, CRM, Communication, Banking Products"
ALM-0061,Lavanya Chandrasekaran,2021,Bachelor's,FMS University of Delhi — Information Technology,HCL Technologies,Systems Engineer,"Chennai, India",lavanya.chandrasekaran2021@alumni.edu,Engineering,"Linux, Networking, Python, Scripting, Cloud Infrastructure, DevOps"
ALM-0062,Subramaniam Pillai,2014,PhD,ISB Hyderabad — Chemical Engineering,IPCL,Process Engineer,"Vadodara, India",subramaniam.pillai2014@alumni.edu,Engineering,"Chemical Process Design, HYSYS, P&ID, Six Sigma, HSE, AutoCAD"
ALM-0063,Poonam Agarwal,2020,Master's,Ashoka University — Journalism,Times of India,Senior Reporter,"Delhi, India",poonam.agarwal2020@alumni.edu,Media & Communications,"Investigative Journalism, Content Strategy, Digital Media, Video Production, Editing"
ALM-0064,Jayesh Patil,2018,Bachelor's,Manipal Institute of Technology — Mechanical Engineering,Bajaj Auto,Production Engineer,"Pune, India",jayesh.patil2018@alumni.edu,Engineering,"Lean Manufacturing, AutoCAD, Quality Control, Six Sigma, SAP, ERP"
ALM-0065,Anita Krishnan,2016,Master's,VIT Vellore — Business Administration,HUL,Sales Manager,"Mumbai, India",anita.krishnan2016@alumni.edu,Sales & Marketing,"B2B Sales, CRM, Territory Management, Negotiation, Market Expansion"
ALM-0066,Kartik Mahajan,2022,Bachelor's,SRM Institute of Science and Technology — Computer Science,Razorpay,Backend Developer,"Bangalore, India",kartik.mahajan2022@alumni.edu,Engineering,"Node.js, Python, PostgreSQL, Redis, Docker, Kubernetes, REST APIs"
ALM-0067,Sudha Narayanan,2015,PhD,Anna University — Nutrition,ICMR,Senior Researcher,"Hyderabad, India",sudha.narayanan2015@alumni.edu,Research & Science,"Organic Chemistry, HPLC, NMR, R&D, Lab Management, Scientific Writing"
ALM-0068,Vikrant Saxena,2019,Master's,University of Delhi — Architecture,Morphogenesis,Senior Architect,"Delhi, India",vikrant.saxena2019@alumni.edu,Design & Architecture,"Revit, BIM, Urban Design, Project Management, AutoCAD, Construction Supervision"
ALM-0069,Poornima Balaji,2017,Bachelor's,University of Mumbai — Electronics Engineering,Texas Instruments,Circuit Design Engineer,"Bangalore, India",poornima.balaji2017@alumni.edu,Engineering,"Analog/Digital Design, MATLAB, PCB Design, SPICE Simulation, Verilog"
ALM-0070,Mithun Chatterjee,2021,Master's,Jadavpur University — Data Science,IBM India,Data Engineer,"Kolkata, India",mithun.chatterjee2021@alumni.edu,Data & Analytics,"Apache Spark, Kafka, SQL, Python, AWS, ETL Pipelines, Airflow"
ALM-0071,Shobha Hegde,2018,Bachelor's,Christ University Bangalore — Commerce,Deloitte India,Financial Consultant,"Bangalore, India",shobha.hegde2018@alumni.edu,Finance,"Financial Planning, Tax Advisory, Excel, Tally, Client Management"
ALM-0072,Rajeev Raman,2016,Master's,St. Xavier's College Mumbai — Electrical Engineering,ABB India,Automation Engineer,"Chennai, India",rajeev.raman2016@alumni.edu,Engineering,"PLC, SCADA, ABB Robots, Python, Electrical Schematics, Safety Systems"
ALM-0073,Aarti Bhosale,2020,Bachelor's,National Law School of India University — Fashion Design,Ritu Kumar,Fashion Coordinator,"Mumbai, India",aarti.bhosale2020@alumni.edu,Design & Architecture,"Visual Merchandising, Styling, Adobe Photoshop, Trend Analysis, Communication"
ALM-0074,Sanjay Pillai,2019,PhD,NALSAR University of Law — Pharmacology,Sun Pharma,Drug Development Scientist,"Hyderabad, India",sanjay.pillai2019@alumni.edu,Research & Science,"API Synthesis, GLP, Regulatory Dossiers, Analytical Chemistry, HPLC"
ALM-0075,Deepika Kulkarni,2022,Master's,OP Jindal Global University — Business Administration,Zomato,Product Manager,"Gurgaon, India",deepika.kulkarni2022@alumni.edu,Management,"Product Roadmap, Agile, User Stories, A/B Testing, Data Analytics, Jira"
ALM-0076,Nikhil Thakur,2015,Bachelor's,National University of Singapore — Civil Engineering,Gammon India,Structural Engineer,"Mumbai, India",nikhil.thakur2015@alumni.edu,Engineering,"STAAD Pro, AutoCAD, Foundation Design, Structural Analysis, IS Codes"
ALM-0077,Preetam Dey,2017,Master's,Nanyang Technological University — Computer Science,SAP India,SAP Consultant,"Pune, India",preetam.dey2017@alumni.edu,Consulting,"SAP ABAP, SD/MM Modules, FICO, Business Process Mapping, HANA, ITIL"
ALM-0078,Geetha Subramaniam,2020,Bachelor's,University of Pennsylvania — Psychology,Vandrevala Foundation,Helpline Counsellor,"Chennai, India",geetha.subramaniam2020@alumni.edu,Healthcare,"Active Listening, Crisis Support, Mental Health First Aid, Documentation"
ALM-0079,Kunal Verma,2018,Master's,London School of Economics — Finance,Motilal Oswal,Equity Research Analyst,"Mumbai, India",kunal.verma2018@alumni.edu,Finance,"Financial Modeling, Equity Valuation, Bloomberg, SEBI, Excel, CFA"
ALM-0080,Manisha Bhat,2016,Bachelor's,University of Cambridge — Journalism,India Today,Correspondent,"Delhi, India",manisha.bhat2016@alumni.edu,Media & Communications,"Print Journalism, Investigative Reporting, Social Media, Content Writing"
ALM-0081,Ashok Pandey,2021,Master's,IIT Bombay — Mechanical Engineering,Cummins India,R&D Engineer,"Pune, India",ashok.pandey2021@alumni.edu,Engineering,"CAD, FEA, Prototyping, MATLAB, Product Development, Testing"
ALM-0082,Vidya Murthy,2019,PhD,IIT Delhi — Environmental Science,TERI,Senior Fellow,"Bangalore, India",vidya.murthy2019@alumni.edu,Research & Science,"Climate Research, GIS, Policy Writing, Environmental Modeling, R"
ALM-0083,Prasad Rao,2017,Bachelor's,IIT Madras — Information Technology,Zensar Technologies,Software Engineer,"Pune, India",prasad.rao2017@alumni.edu,Engineering,"Python, Java, React, REST APIs, Git, Docker, CI/CD"
ALM-0084,Kaveri Singh,2022,Master's,IIT Kharagpur — Marketing,Nykaa,Digital Marketing Manager,"Mumbai, India",kaveri.singh2022@alumni.edu,General Professional,"Digital Marketing, SEO, Campaign Management, Analytics, CRM"
ALM-0085,Shyam Sundar,2015,Bachelor's,IIT Kanpur — Electrical Engineering,NTPC,Junior Engineer,"Delhi, India",shyam.sundar2015@alumni.edu,Engineering,"AutoCAD, Site Inspection, MS Office, Technical Drawing, Teamwork"
ALM-0086,Fathima Begum,2018,Master's,IIT Roorkee — Business Administration,Reliance Retail,Operations Analyst,"Hyderabad, India",fathima.begum2018@alumni.edu,General Professional,"Business Strategy, Excel, Communication, Leadership, Project Management"
ALM-0087,Rohit Malhotra,2020,Bachelor's,IIT Guwahati — Architecture,Design Forum International,Junior Architect,"Delhi, India",rohit.malhotra2020@alumni.edu,Design & Architecture,"AutoCAD, Revit, SketchUp, Design Presentations, BIM, Teamwork"
ALM-0088,Anupama Nair,2016,Master's,IIT Hyderabad — Data Science,Fractal Analytics,Senior Analyst,"Mumbai, India",anupama.nair2016@alumni.edu,Data & Analytics,"Python, R, SAS, Predictive Modeling, SQL, Storytelling with Data"
ALM-0089,Keshav Reddy,2021,Bachelor's,IIT Indore — Computer Science,Freshworks,Software Developer,"Chennai, India",keshav.reddy2021@alumni.edu,Engineering,"Java, Spring Boot, Angular, SQL, Git, Agile, REST APIs"
ALM-0090,Malathi Krishnaswamy,2019,PhD,IIT BHU Varanasi — Biochemistry,CCMB,Scientist,"Hyderabad, India",malathi.krishnaswamy2019@alumni.edu,Research & Science,"Research Methodology, Laboratory Skills, Data Analysis, Technical Writing, MATLAB"
ALM-0091,Sandeep Joshi,2017,Master's,IISc Bangalore — Finance,Yes Bank,Branch Manager,"Ahmedabad, India",sandeep.joshi2017@alumni.edu,Management,"Team Leadership, Banking Operations, Sales Targets, Compliance, Customer Relations"
ALM-0092,Tara Bhattacharya,2022,Bachelor's,IIIT Hyderabad — Economics,Niti Aayog,Research Intern,"Delhi, India",tara.bhattacharya2022@alumni.edu,Research & Science,"Data Collection, Policy Research, Excel, Literature Review, Report Writing"
ALM-0093,Subhash Garg,2015,Master's,IIIT Delhi — Civil Engineering,IRCON,Project Manager,"Lucknow, India",subhash.garg2015@alumni.edu,Management,"MS Project, Risk Management, Budgeting, Agile, Stakeholder Management, PMP"
ALM-0094,Divya Sharma,2020,Bachelor's,BITS Pilani — Biotechnology,Piramal Group,Lab Analyst,"Mumbai, India",divya.sharma2020@alumni.edu,Research & Science,"HPLC, Spectroscopy, Quality Control, GMP, Documentation, Sample Analysis"
ALM-0095,Anand Krishnamurthy,2018,Master's,NIT Trichy — Artificial Intelligence,Wipro AI Labs,AI Researcher,"Bangalore, India",anand.krishnamurthy2018@alumni.edu,Research & Science,"Deep Learning, PyTorch, NLP, Research Publication, Python, Transformer Models"
ALM-0096,Madhuri Patil,2016,Bachelor's,NIT Warangal — Nursing,KEM Hospital,Charge Nurse,"Mumbai, India",madhuri.patil2016@alumni.edu,Healthcare,"Patient Care, Clinical Skills, Ward Management, IV Therapy, Documentation"
ALM-0097,Rajat Sood,2021,Master's,IIM Ahmedabad — Computer Science,Atlassian India,Product Engineer,"Bangalore, India",rajat.sood2021@alumni.edu,Engineering,"Python, API Design, Microservices, Docker, Git, Agile"
ALM-0098,Bhavna Choudhary,2019,Bachelor's,IIM Bangalore — Fashion Design,W for Woman,Assistant Designer,"Jaipur, India",bhavna.choudhary2019@alumni.edu,Design & Architecture,"Fabric Knowledge, Illustration, Adobe Illustrator, Trend Analysis, Pattern Making"
ALM-0099,Kiran Menon,2017,PhD,IIM Calcutta — Physics,DAE,Scientific Officer,"Mumbai, India",kiran.menon2017@alumni.edu,Research & Science,"Nuclear Physics, MATLAB, Radiation Safety, Data Analysis, Technical Writing"
ALM-0100,Sunita Varma,2022,Master's,XLRI Jamshedpur — Business Administration,PhonePe,Strategy Analyst,"Bangalore, India",sunita.varma2022@alumni.edu,Consulting,"Business Strategy, Financial Analysis, PowerPoint, Excel, Market Research"
ALM-0101,Girish Kulkarni,2015,Bachelor's,FMS University of Delhi — Commerce,Grant Thornton,Associate Auditor,"Bangalore, India",girish.kulkarni2015@alumni.edu,Finance,"Audit Procedures, Tally, MS Excel, GAAP, Compliance, Attention to Detail"
ALM-0102,Savitha Devi,2020,Master's,ISB Hyderabad — Psychology,NIMHANS,Clinical Research Associate,"Bangalore, India",savitha.devi2020@alumni.edu,Healthcare,"GCP, ICH Guidelines, CRF Review, Site Monitoring, Regulatory Submissions"
ALM-0103,Nitin Srivastava,2018,Bachelor's,Ashoka University — Mechanical Engineering,Escorts Group,Design Engineer,"Faridabad, India",nitin.srivastava2018@alumni.edu,Engineering,"CAD, SolidWorks, ANSYS, Product Design, GD&T, AutoCAD"
ALM-0104,Roshni Kapadia,2016,Master's,Manipal Institute of Technology — Marketing,Godrej Industries,Brand Strategist,"Mumbai, India",roshni.kapadia2016@alumni.edu,Marketing,"Brand Identity, Consumer Insights, Campaign Management, Digital Strategy, Analytics"
ALM-0105,Venkat Naidu,2021,Bachelor's,VIT Vellore — Information Technology,Mindtree,Systems Analyst,"Hyderabad, India",venkat.naidu2021@alumni.edu,Engineering,"Systems Design, SQL, Java, Business Analysis, SDLC, Documentation"
ALM-0106,Amritha Das,2019,PhD,SRM Institute of Science and Technology — Botany,BSI,Botanist,"Kolkata, India",amritha.das2019@alumni.edu,Research & Science,"Plant Taxonomy, Herbarium, Field Surveys, GIS, Scientific Writing, R"
ALM-0107,Shivangi Rastogi,2022,Master's,Anna University — Data Science,Meesho,Analytics Engineer,"Bangalore, India",shivangi.rastogi2022@alumni.edu,Data & Analytics,"dbt, SQL, Python, Data Pipelines, Looker, Spark, Airflow"
ALM-0108,Hemant Shinde,2017,Bachelor's,University of Delhi — Electrical Engineering,Schneider Electric,Application Engineer,"Pune, India",hemant.shinde2017@alumni.edu,Engineering,"Electrical Design, AutoCAD Electrical, Customer Support, Power Systems, SCADA"
ALM-0109,Lekha Suresh,2015,Master's,University of Mumbai — Finance,SEBI,Research Officer,"Mumbai, India",lekha.suresh2015@alumni.edu,Research & Science,"Policy Research, Data Analysis, Report Writing, SPSS, Econometrics"
ALM-0110,Bhaskar Raju,2020,Bachelor's,Jadavpur University — Computer Science,Zoho Corporation,Software Developer,"Chennai, India",bhaskar.raju2020@alumni.edu,Engineering,"Java, Spring Boot, Angular, SQL, Git, Agile, REST APIs"
ALM-0111,Neha Prakash,2021,Master's,Christ University Bangalore — Computer Science,NVIDIA India,ML Platform Engineer,"Bangalore, India",neha.prakash2021@alumni.edu,Data & Analytics,"Python, PyTorch, CUDA, MLOps, Kubernetes, Model Serving"
ALM-0112,Adarsh Iqbal,2018,Bachelor's,St. Xavier's College Mumbai — Information Technology,Jio Platforms,Backend Engineer,"Mumbai, India",adarsh.iqbal2018@alumni.edu,Engineering,"Java, Spring Boot, Kafka, PostgreSQL, Redis, Microservices"
ALM-0113,Shruti Menon,2019,Master's,National Law School of India University — Human Resources,Tata Steel,HR Business Partner,"Jamshedpur, India",shruti.menon2019@alumni.edu,Management,"Talent Management, HR Analytics, Employee Relations, Hiring, Compensation"
ALM-0114,Ramesh Babu,2016,Bachelor's,NALSAR University of Law — Civil Engineering,Sobha Ltd,Construction Manager,"Bangalore, India",ramesh.babu2016@alumni.edu,Management,"Site Planning, AutoCAD, Vendor Management, Safety Compliance, Budget Control"
ALM-0115,Farah Ali,2022,Master's,OP Jindal Global University — Data Science,Swiggy,ML Engineer,"Bangalore, India",farah.ali2022@alumni.edu,Data & Analytics,"Python, TensorFlow, Recommendation Systems, SQL, Airflow, AWS"
ALM-0116,Sai Teja,2017,Bachelor's,National University of Singapore — Computer Science,PayU India,Software Engineer,"Gurgaon, India",sai.teja2017@alumni.edu,Engineering,"Node.js, TypeScript, PostgreSQL, REST APIs, Docker, CI/CD"
ALM-0117,Manvi Sethi,2020,Master's,Nanyang Technological University — Marketing,CRED,Growth Marketing Manager,"Bangalore, India",manvi.sethi2020@alumni.edu,Marketing,"Campaign Strategy, Performance Marketing, Google Analytics, CRM, A/B Testing"
ALM-0118,Kshitij Rana,2015,PhD,University of Pennsylvania — Chemical Engineering,ONGC,Process Specialist,"Dehradun, India",kshitij.rana2015@alumni.edu,Engineering,"Process Design, HAZOP, Aspen HYSYS, Safety Audits, Technical Documentation"
ALM-0119,Pavitra Iyer,2021,Bachelor's,London School of Economics — Design,Zerodha,Product Designer,"Bangalore, India",pavitra.iyer2021@alumni.edu,Design & Architecture,"Figma, User Research, Design Systems, Prototyping, UX Writing"
ALM-0120,Harpreet Gill,2018,Master's,University of Cambridge — Finance,RBI,Economist,"Mumbai, India",harpreet.gill2018@alumni.edu,Research & Science,"Macroeconomic Analysis, Econometrics, Policy Writing, Data Visualization, R"
ALM-0121,Akhil Raj,2023,Bachelor's,IIT Bombay — Computer Science,Rippling,Frontend Engineer,"Bangalore, India",akhil.raj2023@alumni.edu,Engineering,"React, TypeScript, GraphQL, Jest, CSS, Accessibility"
ALM-0122,Nupur Das,2019,Master's,IIT Delhi — Biotechnology,Syngene,Bioinformatics Scientist,"Bangalore, India",nupur.das2019@alumni.edu,Research & Science,"Python, R, Genomics, NGS Pipelines, Linux, Biostatistics"
ALM-0123,Prateek Goel,2016,Bachelor's,IIT Madras — Mechanical Engineering,Ather Energy,Manufacturing Engineer,"Hosur, India",prateek.goel2016@alumni.edu,Engineering,"Lean Manufacturing, Six Sigma, CAD, Quality Assurance, SAP"
ALM-0124,Sonali Arora,2022,Master's,IIT Kharagpur — Business Administration,Razorpay,Product Manager,"Bangalore, India",sonali.arora2022@alumni.edu,Management,"Roadmapping, SQL, User Research, Agile, Stakeholder Management"
ALM-0125,Jatin Kumar,2017,Bachelor's,IIT Kanpur — Information Technology,Cisco India,Network Engineer,"Bangalore, India",jatin.kumar2017@alumni.edu,Engineering,"Networking, Routing, Switching, Python, Linux, Network Security"
ALM-0126,Ankita Roy,2020,Master's,IIT Roorkee — Psychology,NIMHANS,Counselling Psychologist,"Bangalore, India",ankita.roy2020@alumni.edu,Healthcare,"Counselling, CBT, Mental Health Assessment, Case Management, Crisis Support"
ALM-0127,Vignesh Krish,2019,Bachelor's,IIT Guwahati — Computer Science,Freshworks,SRE Engineer,"Chennai, India",vignesh.krish2019@alumni.edu,Engineering,"Kubernetes, Terraform, AWS, Monitoring, Incident Response, Go"
ALM-0128,Deepika Lamba,2015,Master's,IIT Hyderabad — Journalism,BBC News India,Senior Producer,"Delhi, India",deepika.lamba2015@alumni.edu,Media & Communications,"Editorial Planning, Broadcast Production, Storytelling, Fact Checking, SEO"
ALM-0129,Ritwik Banerjee,2021,Master's,IIT Indore — Artificial Intelligence,Nutanix,AI Solutions Engineer,"Pune, India",ritwik.banerjee2021@alumni.edu,Data & Analytics,"Python, LLMs, NLP, Vector Databases, Prompt Engineering, Cloud"
ALM-0130,Lakshya Bhatia,2018,Bachelor's,IIT BHU Varanasi — Commerce,PwC India,Risk Consultant,"Delhi, India",lakshya.bhatia2018@alumni.edu,Consulting,"Risk Assessment, Internal Audit, Financial Controls, Excel, Client Management"
ALM-0131,Meenal Shah,2016,Master's,IISc Bangalore — Architecture,Gensler India,Senior Architect,"Bangalore, India",meenal.shah2016@alumni.edu,Design & Architecture,"Revit, BIM, Concept Design, Urban Planning, Client Presentation"
ALM-0132,Karthikeya Rao,2022,Bachelor's,IIIT Hyderabad — Electrical Engineering,NXP Semiconductors,Embedded Engineer,"Noida, India",karthikeya.rao2022@alumni.edu,Engineering,"Embedded C, RTOS, C++, Debugging, ARM, Device Drivers"
ALM-0133,Shalini Kapoor,2017,Master's,IIIT Delhi — Data Science,HSBC,Data Engineer,"Hyderabad, India",shalini.kapoor2017@alumni.edu,Data & Analytics,"Spark, SQL, Python, Airflow, ETL, Azure"
ALM-0134,Namit Arvind,2020,Bachelor's,BITS Pilani — Computer Science,Salesforce,Software Engineer,"Hyderabad, India",namit.arvind2020@alumni.edu,Engineering,"Java, Apex, REST APIs, CI/CD, Git, System Design"
ALM-0135,Gauri Nair,2019,Master's,NIT Trichy — Marketing,Urban Company,Brand Lead,"Gurgaon, India",gauri.nair2019@alumni.edu,Marketing,"Brand Strategy, Campaign Planning, Influencer Marketing, Analytics, CRM"
ALM-0136,Pankaj Tiwari,2015,Bachelor's,NIT Warangal — Civil Engineering,Adani Infrastructure,Project Engineer,"Ahmedabad, India",pankaj.tiwari2015@alumni.edu,Engineering,"MS Project, Site Management, Vendor Coordination, Safety, AutoCAD"
ALM-0137,Sahana Pillai,2023,Master's,IIM Ahmedabad — Computer Science,Google India,Cloud Engineer,"Bangalore, India",sahana.pillai2023@alumni.edu,Engineering,"GCP, Kubernetes, Terraform, Python, IAM, Cloud Architecture"
ALM-0138,Rohan Mathew,2021,Bachelor's,IIM Bangalore — Information Technology,CoinDCX,Backend Developer,"Bangalore, India",rohan.mathew2021@alumni.edu,Engineering,"Go, Kafka, MongoDB, Redis, Docker, Microservices"
ALM-0139,Komal Suri,2018,Master's,IIM Calcutta — Finance,JPMorgan Chase,Financial Analyst,"Mumbai, India",komal.suri2018@alumni.edu,Finance,"Valuation, Financial Modelling, Excel, Power BI, Capital Markets"
ALM-0140,Sourabh Jain,2017,PhD,XLRI Jamshedpur — Physics,IISc,Research Scientist,"Bangalore, India",sourabh.jain2017@alumni.edu,Research & Science,"Computational Physics, Python, MATLAB, Simulation, Technical Writing"
ALM-0141,Tanisha Ghosh,2022,Bachelor's,FMS University of Delhi — Design,Curefit,UX Designer,"Bangalore, India",tanisha.ghosh2022@alumni.edu,Design & Architecture,"Figma, Interaction Design, User Flows, Prototyping, Usability Testing"
ALM-0142,Arvind Menon,2016,Master's,ISB Hyderabad — Mechanical Engineering,Bosch India,R&D Engineer,"Bangalore, India",arvind.menon2016@alumni.edu,Engineering,"Product Development, CAD, FEA, Testing, MATLAB, DFMEA"
ALM-0143,Prerna Vats,2020,Master's,Ashoka University — Business Administration,Unacademy,Category Manager,"Bangalore, India",prerna.vats2020@alumni.edu,Management,"Business Analysis, Vendor Management, Pricing, SQL, Revenue Planning"
ALM-0144,Rajiv Sanyal,2015,Bachelor's,Manipal Institute of Technology — Computer Science,ThoughtWorks,Principal Consultant,"Pune, India",rajiv.sanyal2015@alumni.edu,Consulting,"Software Architecture, Agile Coaching, Java, Cloud, Team Leadership"
ALM-0145,Ishita Dhingra,2021,Master's,VIT Vellore — Artificial Intelligence,Infosys,AI Engineer,"Mysore, India",ishita.dhingra2021@alumni.edu,Data & Analytics,"Python, Computer Vision, Deep Learning, OpenCV, MLOps, Model Deployment"
ALM-0146,Keshav Pal,2019,Bachelor's,SRM Institute of Science and Technology — Electronics Engineering,Qualcomm,Verification Engineer,"Hyderabad, India",keshav.pal2019@alumni.edu,Engineering,"SystemVerilog, UVM, SoC Verification, Scripting, Debugging, Linux"
ALM-0147,Avni Bhalla,2023,Master's,Anna University — Marketing,Zepto,Performance Marketer,"Mumbai, India",avni.bhalla2023@alumni.edu,Marketing,"Paid Media, Attribution, SQL, Analytics, Experimentation, Growth"
ALM-0148,Ritoban Sen,2018,Master's,University of Delhi — Data Science,PhonePe,Fraud Analytics Manager,"Bangalore, India",ritoban.sen2018@alumni.edu,Data & Analytics,"Python, SQL, Risk Modelling, Anomaly Detection, Dashboarding, Statistics"
ALM-0149,Niharika Bansal,2017,Bachelor's,University of Mumbai — Psychology,BetterLYF,Therapist,"Delhi, India",niharika.bansal2017@alumni.edu,Healthcare,"Counselling, CBT, Clinical Documentation, Emotional Wellness, Active Listening"
ALM-0150,Sameer Kulshreshtha,2020,Master's,Jadavpur University — Computer Science,Amazon India,Software Development Engineer,"Hyderabad, India",sameer.kulshreshtha2020@alumni.edu,Engineering,"Java, Distributed Systems, AWS, DynamoDB, Microservices, Performance Tuning"
ALM-0151,Arun Kumar,2018,Bachelor's,SRM Institute of Science and Technology,Infosys,Software Engineer,"Chennai, India",arun.kumar2018@alumni.edu,Software Engineer,"Java, Spring Boot, SQL, REST APIs, Git, Docker"
ALM-0152,Kavya Subramaniam,2019,Master's,SRM University,Zoho Corporation,Frontend Engineer,"Chennai, India",kavya.subramaniam2019@alumni.edu,Frontend Engineer,"React, TypeScript, Redux, Jest, CSS, Accessibility"
ALM-0153,Varun Srinivasan,2020,Bachelor's,SRM Institute of Science and Technology,Amazon India,Backend Engineer,"Chennai, India",varun.srinivasan2020@alumni.edu,Backend Engineer,"Python, FastAPI, PostgreSQL, Redis, Docker, AWS"
ALM-0154,Priya Natarajan,2017,Master's,SRM University,Freshworks,Data Engineer,"Chennai, India",priya.natarajan2017@alumni.edu,Data Engineer,"Spark, SQL, Python, Airflow, ETL Pipelines, Data Modeling"
ALM-0155,Ankit Verma,2016,Master's,SRM University,Paytm,Machine Learning Engineer,"Chennai, India",ankit.verma2016@alumni.edu,ML Engineer,"Python, TensorFlow, Scikit-Learn, Feature Engineering, MLOps, SQL"
ALM-0156,Meera Iyer,2018,Bachelor's,SRM Institute of Science and Technology,Nokia,Embedded Engineer,"Chennai, India",meera.iyer2018@alumni.edu,Embedded Engineer,"Embedded C, RTOS, Debugging, ARM Cortex, UART, C++"
ALM-0157,Kaushik Raj,2019,Master's,SRM University,Google India,SRE Engineer,"Chennai, India",kaushik.raj2019@alumni.edu,SRE Engineer,"Kubernetes, Terraform, Prometheus, Go, Incident Response, AWS"
ALM-0158,Rohit Das,2021,Bachelor's,SRM University,TCS,Software Engineer,"Chennai, India",rohit.das2021@alumni.edu,Software Engineer,"Java, Microservices, MongoDB, REST APIs, Git, CI/CD"
ALM-0159,Divya Raghavan,2015,Master's,SRM Institute of Science and Technology,Siemens,Process Specialist,"Chennai, India",divya.raghavan2015@alumni.edu,Process Specialist,"Lean Six Sigma, Process Design, SAP, AutoCAD, Safety Audits"
ALM-0160,Salman Khan,2016,Bachelor's,SRM University,Zoho Corporation,QA Engineer,"Chennai, India",salman.khan2016@alumni.edu,QA Engineer,"Selenium, Java, Test Automation, REST APIs, Git, CI"
ALM-0161,Harini Krishnan,2017,Master's,SRM University,Amazon India,Product Manager,"Chennai, India",harini.krishnan2017@alumni.edu,Product Manager,"Roadmapping, User Research, SQL, A/B Testing, Agile, Stakeholder Management"
ALM-0162,Sriram Balaji,2018,Bachelor's,SRM Institute of Science and Technology,IBM Security,Cybersecurity Analyst,"Chennai, India",sriram.balaji2018@alumni.edu,Cybersecurity Analyst,"SIEM, Threat Detection, Incident Response, Python, Linux, Network Security"
ALM-0163,Neha Rao,2022,Bachelor's,SRM University,Urban Company,Product Designer,"Chennai, India",neha.rao2022@alumni.edu,Product Designer,"Figma, User Flows, Design Systems, Prototyping, Usability Testing"
ALM-0164,Raghav Chandran,2020,Master's,SRM Institute of Science and Technology,Bosch India,Mechanical Engineer,"Chennai, India",raghav.chandran2020@alumni.edu,Mechanical Engineer,"CAD, FEA, Product Testing, MATLAB, Quality Assurance, DFMEA"
ALM-0165,Swapna Devi,2019,Master's,SRM University,Tata Steel,HR Business Partner,"Chennai, India",swapna.devi2019@alumni.edu,HR Business Partner,"Talent Management, HR Analytics, Employee Relations, Hiring, Compensation, Excel"
ALM-0166,Adarsh Nair,2017,Master's,SRM Institute of Science and Technology,ThoughtWorks,Software Architect,"Chennai, India",adarsh.nair2017@alumni.edu,Software Architect,"Software Architecture, Java, Cloud, Agile Coaching, System Design, Leadership"
ALM-0167,Sathya Murthy,2016,Bachelor's,SRM University,Grant Thornton,Consultant,"Chennai, India",sathya.murthy2016@alumni.edu,Consultant,"Risk Assessment, Internal Audit, Financial Controls, Excel, Client Management"
ALM-0168,Vijay Anand,2021,Bachelor's,SRM University,Merck,Data Engineer,"Chennai, India",vijay.anand2021@alumni.edu,Data Engineer,"Python, Spark, SQL, ETL, Data Warehousing, Airflow"
ALM-0169,Aarthi Subramanian,2018,Master's,SRM Institute of Science and Technology,PhonePe,ML Engineer,"Chennai, India",aarthi.subramanian2018@alumni.edu,ML Engineer,"Python, SQL, Risk Modelling, Anomaly Detection, Dashboarding, Statistics"
ALM-0170,Pranav Menon,2019,Master's,SRM University,CoinDCX,Backend Developer,"Chennai, India",pranav.menon2019@alumni.edu,Backend Developer,"Go, Kafka, PostgreSQL, Redis, Docker, Microservices"
ALM-0171,Meghana Iyer,2020,Bachelor's,SRM University,CRED,Growth Marketing Manager,"Chennai, India",meghana.iyer2020@alumni.edu,Growth Marketing,"Performance Marketing, Campaign Strategy, Google Analytics, CRM, A/B Testing"
ALM-0172,Manikandan S,2017,Master's,SRM Institute of Science and Technology,HDFC Bank,Financial Analyst,"Chennai, India",manikandan.s2017@alumni.edu,Financial Analyst,"Valuation, Financial Modelling, Excel, Power BI, Capital Markets"
ALM-0173,Reshma Peter,2022,Master's,SRM University,Syngene,Bioinformatics Scientist,"Chennai, India",reshma.peter2022@alumni.edu,Bioinformatics Scientist,"Python, R, Genomics, NGS Pipelines, Biostatistics, Linux"
ALM-0174,Arvind Ramesh,2016,Bachelor's,SRM Institute of Science and Technology,Schneider Electric,Application Engineer,"Chennai, India",arvind.ramesh2016@alumni.edu,Application Engineer,"Electrical Design, AutoCAD Electrical, SCADA, Power Systems, Customer Support"
ALM-0175,Shalini Nair,2021,Master's,SRM University,HSBC,Data Engineer,"Chennai, India",shalini.nair2021@alumni.edu,Data Engineer,"Spark, SQL, Python, Airflow, ETL, Azure"
ALM-0176,Karthik Raghu,2018,Bachelor's,SRM Institute of Science and Technology,Oracle India,Database Administrator,"Chennai, India",karthik.raghu2018@alumni.edu,Database Administrator,"Oracle, PostgreSQL, SQL Tuning, Backup & Recovery, Linux"
ALM-0177,Sneha Joseph,2019,Master's,SRM University,Nutanix,AI Solutions Engineer,"Chennai, India",sneha.joseph2019@alumni.edu,AI Solutions Engineer,"Python, LLMs, NLP, Vector Databases, Prompt Engineering, Cloud"
ALM-0178,Rohini Krishnan,2016,Bachelor's,SRM University,Counselling Psychologist,"Chennai, India",rohini.krishnan2016@alumni.edu,Counselling Psychologist,"CBT, Counselling, Client Assessment, Report Writing, Empathy",
ALM-0179,Santhosh Kumar,2020,Master's,SRM University,Freshworks,SRE Engineer,"Chennai, India",santhosh.kumar2020@alumni.edu,SRE Engineer,"Kubernetes, AWS, Terraform, Monitoring, Incident Response, Go"
ALM-0180,Anusha Rao,2017,Master's,SRM University,BBC News India,Senior Producer,"Chennai, India",anusha.rao2017@alumni.edu,Senior Producer,"Editorial Planning, Storytelling, Fact Checking, SEO, Broadcast Production"
ALM-0181,Ramya Iyer,2015,PhD,SRM Institute of Science and Technology,ISRO,Research Scientist,"Chennai, India",ramya.iyer2015@alumni.edu,Research Scientist,"Computational Analysis, Python, Simulation, Technical Writing, MATLAB"
ALM-0182,Pratik Shah,2018,Bachelor's,SRM University,Asana,Backend Engineer,"Chennai, India",pratik.shah2018@alumni.edu,Backend Engineer,"Java, REST APIs, Spring Boot, PostgreSQL, Docker, Git"
ALM-0183,Hema Lakshmi,2021,Bachelor's,SRM University,Intel,UX Designer,"Chennai, India",hema.lakshmi2021@alumni.edu,UX Designer,"Figma, Interaction Design, Usability Testing, Prototyping, User Flows"
ALM-0184,Devanshu Patel,2019,Master's,SRM Institute of Science and Technology,Razorpay,Backend Engineer,"Chennai, India",devanshu.patel2019@alumni.edu,Backend Engineer,"Node.js, TypeScript, PostgreSQL, Redis, Microservices, REST APIs"
ALM-0185,Mehul Verma,2016,Bachelor's,SRM University,JPMorgan Chase,Financial Analyst,"Chennai, India",mehul.verma2016@alumni.edu,Financial Analyst,"Valuation, Financial Modelling, Excel, Power BI, Risk Assessment"
ALM-0186,Anitha Raman,2022,Master's,SRM University,Apollo Hospitals,Clinical Psychologist,"Chennai, India",anitha.raman2022@alumni.edu,Clinical Psychologist,"CBT, Psychotherapy, Mental Health Assessment, Counselling, Case Management"
ALM-0187,Siddharth Rao,2020,Bachelor's,SRM University,GitLab,DevOps Engineer,"Chennai, India",siddharth.rao2020@alumni.edu,DevOps Engineer,"CI/CD, Docker, Kubernetes, Terraform, Monitoring, Bash"
ALM-0188,Meenakshi Srinivasan,2017,Master's,SRM Institute of Science and Technology,Zepto,Performance Marketer,"Chennai, India",meenakshi.srinivasan2017@alumni.edu,Performance Marketer,"Paid Media, Attribution, SQL, Analytics, Experimentation, Growth"
ALM-0189,Arjun Babu,2018,Bachelor's,SRM University,Adani Infrastructure,Project Engineer,"Chennai, India",arjun.babu2018@alumni.edu,Project Engineer,"MS Project, Site Management, AutoCAD, Safety, Vendor Coordination"
ALM-0190,Trisha Menon,2021,Master's,SRM University,Data Analyst,"Chennai, India",trisha.menon2021@alumni.edu,Data Analyst,"SQL, Python, Tableau, Statistical Analysis, Power BI, Excel",
ALM-0191,Vivek Raghavan,2019,Master's,SRM Institute of Science and Technology,PayU India,Software Engineer,"Chennai, India",vivek.raghavan2019@alumni.edu,Software Engineer,"Node.js, TypeScript, PostgreSQL, REST APIs, Docker, CI/CD"
ALM-0192,Chandana Iyer,2016,Bachelor's,SRM University,Site Engineer,"Chennai, India",chandana.iyer2016@alumni.edu,Site Engineer,"AutoCAD, Site Supervision, Quantity Surveying, MS Project, Safety Management",
ALM-0193,Karthika Nair,2020,Master's,SRM Institute of Science and Technology,Qualcomm,AI Engineer,"Chennai, India",karthika.nair2020@alumni.edu,AI Engineer,"Python, Computer Vision, Deep Learning, OpenCV, MLOps, Model Deployment"
ALM-0194,Manoj Prakash,2017,Bachelor's,SRM University,Google India,Software Developer,"Chennai, India",manoj.prakash2017@alumni.edu,Software Developer,"Go, REST APIs, Cloud, Docker, Git, Microservices"
ALM-0195,Divya Varma,2018,Master's,SRM University,Microsoft India,ML Engineer,"Chennai, India",divya.varma2018@alumni.edu,ML Engineer,"Python, PyTorch, Transformers, NLP, Model Deployment, MLOps"
ALM-0196,Rakesh Kumar,2022,Bachelor's,SRM Institute of Science and Technology,Atlassian India,Product Engineer,"Chennai, India",rakesh.kumar2022@alumni.edu,Product Engineer,"Python, API Design, Microservices, Docker, Git, Agile"
ALM-0197,Anjali Rao,2016,Bachelor's,SRM University,Infosys,Software Engineer,"Chennai, India",anjali.rao2016@alumni.edu,Software Engineer,"Java, Spring Boot, SQL, REST APIs, Git, CI/CD"
ALM-0198,Ramesh Iyer,2020,Master's,SRM University,SEBI,Research Officer,"Chennai, India",ramesh.iyer2020@alumni.edu,Research Officer,"Policy Research, Data Analysis, Report Writing, SPSS, Econometrics"
ALM-0199,Sowmya Jayaraman,2015,Bachelor's,SRM University,Workday,Backend Engineer,"Chennai, India",sowmya.jayaraman2015@alumni.edu,Backend Engineer,"Java, Spring Boot, PostgreSQL, Redis, Microservices, AWS"
ALM-0200,Pradeep Kumar,2021,Master's,SRM Institute of Science and Technology,Nykaa,Digital Marketing Manager,"Chennai, India",pradeep.kumar2021@alumni.edu,Digital Marketing,"Digital Marketing, SEO, Campaign Management, Analytics, CRM, Social Media"
ALM-0201,Mehul Suresh,2018,Bachelor's,SRM Institute of Science and Technology,Adobe India,Software Engineer,"Chennai, India",mehul.suresh2018@alumni.edu,Software Engineer,"Python, Java, React, REST APIs, Git, Docker, CI/CD"
ALM-0202,Karthik Iyer,2019,Master's,SRM University,Amazon India,Data Engineer,"Chennai, India",karthik.iyer2019@alumni.edu,Data Engineer,"Apache Spark, SQL, Python, AWS, ETL Pipelines, Airflow"
ALM-0203,Ananya R,2020,Bachelor's,SRM Institute of Science and Technology,IBM,Backend Developer,"Chennai, India",ananya.r2020@alumni.edu,Backend Developer,"Java, Microservices, Kafka, PostgreSQL, Docker, REST APIs"
ALM-0204,Rahul Lakshman,2017,Master's,SRM University,Flipkart,ML Engineer,"Chennai, India",rahul.lakshman2017@alumni.edu,ML Engineer,"Python, Machine Learning, SQL, TensorFlow, Model Deployment, Statistics"
ALM-0205,Divya S,2016,PhD,SRM Institute of Science and Technology,DAE,Scientist,"Chennai, India",divya.s2016@alumni.edu,Scientist,"Nuclear Physics, MATLAB, Radiation Safety, Data Analysis, Technical Writing"
ALM-0206,Harshitha G,2019,Bachelor's,SRM University,Samsung India,Hardware Engineer,"Chennai, India",harshitha.g2019@alumni.edu,Hardware Engineer,"VHDL, Embedded C, PCB Design, Oscilloscope, Signal Processing, ARM Cortex"
ALM-0207,Arvind R,2021,Master's,SRM University,Oracle India,Database Administrator,"Chennai, India",arvind.r2021@alumni.edu,Database Administrator,"Oracle, MySQL, PostgreSQL, SQL Tuning, Backup & Recovery, Linux"
ALM-0208,Meenakshi K,2018,Master's,SRM Institute of Science and Technology,Hindustan Unilever,Brand Manager,"Chennai, India",meenakshi.k2018@alumni.edu,Brand Manager,"Brand Strategy, Digital Marketing, Market Research, Campaign Management, Google Analytics"
ALM-0209,Abhishek S,2022,Master's,SRM University,Razorpay,Backend Engineer,"Chennai, India",abhishek.s2022@alumni.edu,Backend Engineer,"Node.js, TypeScript, PostgreSQL, Redis, Microservices, REST APIs"
ALM-0210,Charu V,2017,Master's,SRM University,Tata Steel,HR Analyst,"Chennai, India",charu.v2017@alumni.edu,HR Analyst,"HR Analytics, Employee Relations, Hiring, Compensation, Tableau, Excel"
ALM-0211,Srinivas P,2016,Master's,SRM Institute of Science and Technology,ThoughtWorks,Principal Consultant,"Chennai, India",srinivas.p2016@alumni.edu,Principal Consultant,"Software Architecture, Agile Coaching, Java, Cloud, Team Leadership"
ALM-0212,Pooja R,2019,Bachelor's,SRM University,Zomato,Product Designer,"Chennai, India",pooja.r2019@alumni.edu,Product Designer,"Figma, UX Writing, User Research, Prototyping, Design Systems"
ALM-0213,Vishal S,2020,Master's,SRM Institute of Science and Technology,Mu Sigma,Business Analyst,"Chennai, India",vishal.s2020@alumni.edu,Business Analyst,"Requirement Gathering, SQL, Agile, Process Mapping, Jira, Stakeholder Management"
ALM-0214,Neelam J,2018,Master's,SRM University,Axis Bank,Credit Analyst,"Chennai, India",neelam.j2018@alumni.edu,Credit Analyst,"Credit Appraisal, Financial Statements, Risk Assessment, Excel, Banking, Compliance"
ALM-0215,Rajeshwari M,2021,Master's,SRM University,Unacademy,Category Manager,"Chennai, India",rajeshwari.m2021@alumni.edu,Category Manager,"Business Analysis, Vendor Management, Pricing, SQL, Revenue Planning, Excel"
ALM-0216,Prashanth K,2017,Bachelor's,SRM University,SAP India,SAP Consultant,"Chennai, India",prashanth.k2017@alumni.edu,SAP Consultant,"SAP ABAP, SD/MM Modules, FICO, Business Process Mapping, HANA, ITIL"
ALM-0217,Anita R,2016,Bachelor's,SRM Institute of Science and Technology,L&T Construction,Project Manager,"Chennai, India",anita.r2016@alumni.edu,Project Manager,"MS Project, Risk Management, Budgeting, Agile, Stakeholder Management, PMP"
ALM-0218,Raghul S,2019,Master's,SRM University,GitLab,DevOps Engineer,"Chennai, India",raghul.s2019@alumni.edu,DevOps Engineer,"CI/CD, Docker, Kubernetes, Terraform, Monitoring, Bash"
ALM-0219,Harsha N,2020,Bachelor's,SRM University,Nutanix,AI Solutions Engineer,"Chennai, India",harsha.n2020@alumni.edu,AI Solutions Engineer,"Python, NLP, LLMs, Vector Databases, Prompt Engineering, Cloud"
ALM-0220,Savitha R,2015,Bachelor's,SRM University,Helpline Counsellor,"Chennai, India",savitha.r2015@alumni.edu,Helpline Counsellor,"Active Listening, Crisis Support, Documentation, Mental Health Awareness, Case Notes",
ALM-0221,Rohit N,2018,Bachelor's,SRM Institute of Science and Technology,GoDaddy,Software Engineer,"Chennai, India",rohit.n2018@alumni.edu,Software Engineer,"Python, REST APIs, PostgreSQL, Docker, Linux, Testing"
ALM-0222,Kiran B,2019,Master's,SRM University,Axtria,Data Engineer,"Chennai, India",kiran.b2019@alumni.edu,Data Engineer,"Python, SQL, ETL, Data Modeling, Airflow, AWS"
ALM-0223,Meghana S,2021,Master's,SRM University,Google India,AI Engineer,"Chennai, India",meghana.s2021@alumni.edu,AI Engineer,"Python, NLP, Transformers, MLOps, Model Deployment, Cloud"
ALM-0224,Swathi P,2016,Master's,SRM Institute of Science and Technology,Amazon India,Marketing Manager,"Chennai, India",swathi.p2016@alumni.edu,Marketing Manager,"Digital Marketing, SEO/SEM, CRM, Analytics, Campaign Planning, Social Media"
ALM-0225,Deepthi A,2017,Bachelor's,SRM University,Serum Institute,Research Associate,"Chennai, India",deepthi.a2017@alumni.edu,Research Associate,"PCR, Cell Culture, Data Analysis, Lab Techniques, Scientific Writing, Literature Review"
ALM-0226,Vivek Anand,2018,Master's,SRM University,Netflix,Backend Engineer,"Chennai, India",vivek.anand2018@alumni.edu,Backend Engineer,"Java, Microservices, Kafka, Redis, REST APIs, Docker"
ALM-0227,Anusha K,2019,Master's,SRM Institute of Science and Technology,Stripe,ML Engineer,"Chennai, India",anusha.k2019@alumni.edu,ML Engineer,"Python, PyTorch, SQL, Feature Engineering, Model Serving, MLOps"
ALM-0228,Prashant S,2016,Master's,SRM University,Moody's,Financial Analyst,"Chennai, India",prashant.s2016@alumni.edu,Financial Analyst,"Valuation, Credit Analysis, Excel, Power BI, Risk Modelling"
ALM-0229,Karthik M,2022,Bachelor's,SRM University,Spotify,Software Developer,"Chennai, India",karthik.m2022@alumni.edu,Software Developer,"Go, Microservices, Docker, Git, REST APIs, Cloud"
ALM-0230,Asha Devi,2015,PhD,SRM Institute of Science and Technology,NITI Aayog,Policy Researcher,"Chennai, India",asha.devi2015@alumni.edu,Policy Researcher,"Policy Research, Econometrics, Data Analysis, Report Writing, Excel"
ALM-0231,Shivani R,2018,Bachelor's,SRM University,Adobe India,UX Designer,"Chennai, India",shivani.r2018@alumni.edu,UX Designer,"Figma, Prototyping, Interaction Design, Usability Testing, Design Systems"
ALM-0232,Arjun S,2017,Bachelor's,SRM University,Salesforce,Software Engineer,"Chennai, India",arjun.s2017@alumni.edu,Software Engineer,"Java, Apex, REST APIs, CI/CD, Git, System Design"
ALM-0233,Kavitha J,2016,Bachelor's,SRM Institute of Science and Technology,NHAI,Site Engineer,"Chennai, India",kavitha.j2016@alumni.edu,Site Engineer,"AutoCAD, MS Project, Safety Management, Quantity Surveying, Site Supervision"
ALM-0234,Anandhi S,2019,Master's,SRM University,Flipkart,HR Analytics,"Chennai, India",anandhi.s2019@alumni.edu,HR Analytics,"HR Analytics, Employee Relations, Hiring, Compensation, Tableau, Excel"
ALM-0235,Rekha R,2020,Bachelor's,SRM University,Atlassian,Product Engineer,"Chennai, India",rekha.r2020@alumni.edu,Product Engineer,"Python, API Design, Microservices, Docker, Git, Agile"
ALM-0236,Ankit S,2018,Master's,SRM Institute of Science and Technology,Palantir,Cybersecurity Analyst,"Chennai, India",ankit.s2018@alumni.edu,Cybersecurity Analyst,"Threat Hunting, SIEM, Python, Linux, Incident Response, Network Security"
ALM-0237,Keerthi V,2021,Master's,SRM University,Qualcomm,Data Engineer,"Chennai, India",keerthi.v2021@alumni.edu,Data Engineer,"Spark, SQL, Python, ETL, Azure, Monitoring"
ALM-0238,Subramaniam R,2017,Master's,SRM University,Siemens,R&D Engineer,"Chennai, India",subramaniam.r2017@alumni.edu,R&D Engineer,"Product Development, CAD, FEA, Testing, MATLAB, Quality Assurance"
ALM-0239,Megha N,2016,Bachelor's,SRM University,Curefit,Brand Lead,"Chennai, India",megha.n2016@alumni.edu,Brand Lead,"Brand Strategy, Campaign Planning, Influencer Marketing, Analytics, CRM"
ALM-0240,Rahul G,2019,Master's,SRM Institute of Science and Technology,Visa,Backend Engineer,"Chennai, India",rahul.g2019@alumni.edu,Backend Engineer,"Python, FastAPI, PostgreSQL, Redis, Microservices, AWS"
ALM-0241,Pranathi K,2020,Master's,SRM University,Teradata,AI Solutions Engineer,"Chennai, India",pranathi.k2020@alumni.edu,AI Solutions Engineer,"Python, LLMs, NLP, Vector Databases, Prompt Engineering, Cloud"
ALM-0242,Rajesh S,2018,Bachelor's,SRM University,Capgemini,Systems Analyst,"Chennai, India",rajesh.s2018@alumni.edu,Systems Analyst,"Systems Design, SQL, Java, Business Analysis, SDLC, Documentation"
ALM-0243,Divya K,2017,Bachelor's,SRM Institute of Science and Technology,Texas Instruments,Verification Engineer,"Chennai, India",divya.k2017@alumni.edu,Verification Engineer,"SystemVerilog, UVM, SoC Verification, Scripting, Debugging, Linux"
ALM-0244,Sneha K,2022,Master's,SRM University,Bloomberg,Data Analyst,"Chennai, India",sneha.k2022@alumni.edu,Data Analyst,"SQL, Python, Statistical Analysis, Power BI, Excel, Data Visualization"
ALM-0245,Karthik R,2019,Bachelor's,SRM University,Razorpay,Software Engineer,"Chennai, India",karthik.r2019@alumni.edu,Software Engineer,"Node.js, TypeScript, PostgreSQL, Redis, Microservices, REST APIs"
ALM-0246,Anita P,2016,Bachelor's,SRM University,Ernst & Young,Audit Associate,"Chennai, India",anita.p2016@alumni.edu,Audit Associate,"Audit, Tally, MS Excel, GST, Financial Statements, Compliance"
ALM-0247,Abhinav S,2021,Master's,SRM Institute of Science and Technology,Intel,Product Designer,"Chennai, India",abhinav.s2021@alumni.edu,Product Designer,"Figma, User Research, Design Systems, Prototyping, UX Writing"
ALM-0248,Manasa V,2020,Master's,SRM University,SAP,Data Engineer,"Chennai, India",manasa.v2020@alumni.edu,Data Engineer,"Spark, SQL, Python, ETL, Data Warehousing, Airflow"
ALM-0249,Nandini R,2018,Master's,SRM University,ICICI Bank,Relationship Manager,"Chennai, India",nandini.r2018@alumni.edu,Relationship Manager,"Client Servicing, Cross-selling, KYC/AML, CRM, Banking Products, Communication"
ALM-0250,Arunachalam P,2017,Master's,SRM University,World Bank,Policy Researcher,"Chennai, India",arunachalam.p2017@alumni.edu,Policy Researcher,"Policy Research, Data Analysis, Report Writing, Excel, Econometrics"
ALM-0251,Aarav Menon,2021,Master's,Stanford University,OpenAI,Member of Technical Staff,"San Francisco, USA",aarav.m2021@alumni.edu,AI Research Engineer,"LLMs, RLHF, PyTorch, Transformers, Python"
ALM-0252,Isha Kulkarni,2020,Master's,Carnegie Mellon University,Anthropic,Research Engineer,"San Francisco, USA",isha.k2020@alumni.edu,ML Engineer,"Constitutional AI, Claude, JAX, Python"
ALM-0253,Rohan Das,2019,PhD,University of Cambridge,Google DeepMind,Senior Software Engineer,"London, UK",rohan.d2019@alumni.edu,ML Engineer,"JAX, TPU, Neural Architecture Search"
ALM-0254,Meera Shah,2018,Master's,MIT,Meta,Research Scientist,"Menlo Park, USA",meera.s2018@alumni.edu,AI Scientist,"LLMs, Computer Vision, PyTorch"
ALM-0255,Karan Verma,2022,Master's,Georgia Institute of Technology,Amazon AWS,Applied Scientist,"Seattle, USA",karan.v2022@alumni.edu,Applied Scientist ML,"Forecasting, SageMaker, XGBoost, Python"
ALM-0256,Ananya Ghosh,2017,PhD,University of Washington,Microsoft Research,Principal Researcher,"Redmond, USA",ananya.g2017@alumni.edu,ML Research,"Transformers, NLP, Azure ML"
ALM-0257,Vikram Naidu,2019,Master's,UC Berkeley,NVIDIA,Deep Learning Engineer,"Santa Clara, USA",vikram.n2019@alumni.edu,CUDA ML Engineer,"TensorRT, ONNX, GPU kernels"
ALM-0258,Sana Qureshi,2021,Master's,EPFL,Hugging Face,ML Engineer,"Paris, France",sana.q2021@alumni.edu,Open Source ML,"Transformers, Datasets, PEFT"
ALM-0259,Arnav Patel,2020,Master's,University of Toronto,Cohere,ML Engineer,"Toronto, Canada",arnav.p2020@alumni.edu,NLP Engineer,"Retrieval, Embeddings, LLMs"
ALM-0260,Diya Sen,2022,Master's,ENS Paris,Mistral AI,Research Engineer,"Paris, France",diya.s2022@alumni.edu,LLM Research,"MoE, Training at scale"
ALM-0261,Kabir Joshi,2018,Master's,FMS University of Delhi — UT Austin,Apple ML,ML Engineer,"Cupertino, USA",kabir.j2018@alumni.edu,On-Device ML,"CoreML, Neural Engine, Privacy ML"
ALM-0262,Nisha Rao,2019,Master's,ISB Hyderabad — UC San Diego,Databricks,ML Engineer,"San Francisco, USA",nisha.r2019@alumni.edu,Lakehouse ML,"Spark, MLflow, Delta Lake"
ALM-0263,Aditya Pillai,2020,Master's,University of Wisconsin,Snowflake,AI Engineer,"Bozeman, USA",aditya.p2020@alumni.edu,GenAI SQL,"Cortex, LLM SQL"
ALM-0264,Riya Thomas,2017,PhD,Manipal Institute of Technology — Caltech,Adobe Research,Research Scientist,"San Jose, USA",riya.t2017@alumni.edu,Generative AI,"Diffusion, Creative ML"
ALM-0265,Manoj Iyer,2016,Master's,Columbia University,Salesforce,Principal ML Engineer,"San Francisco, USA",manoj.i2016@alumni.edu,Einstein GPT,"CRM LLMs, Fine-tuning"
ALM-0266,Pooja Nair,2021,Master's,Purdue University,Intel AI,ML Engineer,"Hillsboro, USA",pooja.n2021@alumni.edu,Model Optimization,"Quantization, OpenVINO"
ALM-0267,Suresh Babu,2018,Master's,Anna University — UC San Diego,Qualcomm,AI Engineer,"San Diego, USA",suresh.b2018@alumni.edu,On-Device AI,"SNPE, Mobile Vision"
ALM-0268,Lakshmi Hari,2019,Master's,KAIST,Samsung Research,Staff Engineer,"Seoul, South Korea",lakshmi.h2019@alumni.edu,Vision ML,On-device CV
ALM-0269,Ethan Wu,2020,Master's,Stanford University,LinkedIn,Senior ML Engineer,"Sunnyvale, USA",ethan.w2020@alumni.edu,Feed Ranking,"GNNs, Recommendations"
ALM-0270,Olivia Park,2017,PhD,Princeton University,Netflix,Senior ML Scientist,"Los Gatos, USA",olivia.p2017@alumni.edu,Recommendations,"Bandits, Causal inference"
ALM-0271,Harsh Malik,2019,Master's,IIT Delhi,Uber,ML Engineer,"San Francisco, USA",harsh.m2019@alumni.edu,ETA Forecasting,Geospatial ML
ALM-0272,Tara Singh,2021,Master's,Trinity College Dublin,Stripe,ML Engineer,"Dublin, Ireland",tara.s2021@alumni.edu,Fraud Detection,"Gradient boosting, Real-time"
ALM-0273,Neil Kapoor,2018,Master's,National Law School of India University — NYU,JPMorgan AI Research,Associate,"New York, USA",neal.k2018@alumni.edu,Quant ML,"Time series, NLP, Finance"
ALM-0274,Zara Khan,2016,PhD,Oxford University,Goldman Sachs,VP ML Engineering,"New York, USA",zara.k2016@alumni.edu,Trading ML,Low latency models
ALM-0275,Kiran S,2020,Master's,SRM Institute of Science and Technology,Freshworks,AI Engineer,"Chennai, India",kiran.s2020@alumni.edu,AI Engineer,"LLMs, PyTorch, NLP, GenAI"
ALM-0276,Fatima R,2019,Bachelor's,SRM University,Zoho,ML Engineer,"Chennai, India",fatima.r2019@alumni.edu,ML Engineer,"TensorFlow, MLOps, Computer Vision"
ALM-0277,Gautham L,2018,Master's,IIT Madras,Google India,Applied AI Engineer,"Chennai, India",gautham.l2018@alumni.edu,AI Engineer,"Deep Learning, NLP, Research"
ALM-0278,Bhavya T,2021,Master's,IIT Bombay,Microsoft India,ML Platform Engineer,"Mumbai, India",bhavya.t2021@alumni.edu,ML Engineer,"Kubernetes, Ray, MLflow"
ALM-0279,Ravi Krishnan,2019,Bachelor's,London School of Economics — Civil Engineering,Larsen Toubro,Site Engineer,"Mumbai, India",ravi.k2019@alumni.edu,Site Engineer,"Surveying, QA, Concrete, AutoCAD"
ALM-0280,Neha Bose,2018,Bachelor's,University of Cambridge — Electronics Engineering,Samsung Semiconductor,Hardware Engineer,"Bangalore, India",neha.b2018@alumni.edu,Hardware Engineer,"SystemVerilog, UVM, RTL"
ALM-0281,Arun Menon,2017,Bachelor's,IIT Bombay — Civil Engineering,Bechtel,Civil Engineer,"Houston, USA",arun.m2017@alumni.edu,Structural Engineer,"STAAD, SAP2000, Structural design"
ALM-0282,Anika Shah,2014,Bachelor's,IIT Bombay — Electrical Engineering,Stripe,Senior Software Engineer,"Dublin, Ireland",anika.shah282@alumni.edu,Payments,"Ruby, Go, Distributed systems, PCI"
ALM-0283,Vihaan Verma,2015,Master's,IIM Bangalore — Finance,Plaid,Product Manager,"San Francisco, USA",vihaan.verma283@alumni.edu,Product,"APIs, Open banking, Roadmaps, SQL"
ALM-0284,Kiara Patel,2016,Master's,BITS Pilani — Mathematics,Adyen,Risk Analyst,"Amsterdam, Netherlands",kiara.patel284@alumni.edu,Risk,"Fraud models, SQL, AML, KYC"
ALM-0285,Reyansh Singh,2017,Bachelor's,SRCC — Economics,Revolut,Compliance Manager,"London, UK",reyansh.singh285@alumni.edu,Compliance,"Regulatory reporting, MiCA, Policy"
ALM-0286,Myra Reddy,2018,PhD,NIT Trichy — Computer Science,Chime,Data Scientist,"San Francisco, USA",myra.reddy286@alumni.edu,Data & Analytics,"Python, Experimentation, Credit risk"
ALM-0287,Advik Iyer,2019,Master's,University of Mumbai — Commerce,Robinhood,Backend Engineer,"Menlo Park, USA",advik.iyer287@alumni.edu,Engineering,"Kotlin, Trading systems, Low latency"
ALM-0288,Sara Menon,2020,Bachelor's,National University of Singapore — Business,Square (Block),Solutions Consultant,"Toronto, Canada",sara.menon288@alumni.edu,Sales Engineering,"POS, APIs, Demos"
ALM-0289,Yash Nair,2021,Master's,London School of Economics — Finance,Wise,Treasury Analyst,"London, UK",yash.nair289@alumni.edu,Finance,"FX, Liquidity, Excel, Python"
ALM-0290,Ira Das,2022,Master's,Ashoka University — Economics,Klarna,Growth Marketing Lead,"Stockholm, Sweden",ira.das290@alumni.edu,Marketing,"Performance marketing, SQL, CRM"
ALM-0291,Neel Kapoor,2023,Bachelor's,IIIT Hyderabad — Computer Science,Affirm,Credit Analyst,"Chicago, USA",neel.kapoor291@alumni.edu,Credit,"Underwriting, BNPL, SAS, Excel"
ALM-0292,Tara Shah,2014,PhD,IIT Madras — Mechanical Engineering,SoFi,Partnerships Lead,"New York, USA",tara.shah292@alumni.edu,Business Development,"B2B deals, Fintech partnerships"
ALM-0293,Dhruv Verma,2015,Master's,IIT Delhi — Physics,NuBank,Mobile Engineer,"São Paulo, Brazil",dhruv.verma293@alumni.edu,Engineering,"Kotlin, iOS, Observability"
ALM-0294,Mira Patel,2016,Bachelor's,NALSAR — Law,Razorpay,DevRel Engineer,"Bangalore, India",mira.patel294@alumni.edu,Engineering,"APIs, Documentation, Community"
ALM-0295,Kabir Singh,2017,Master's,Christ University — Business Administration,PhonePe,Product Designer,"Bangalore, India",kabir.singh295@alumni.edu,Design,"UPI, UX research, Figma"
ALM-0296,Anvi Reddy,2018,Master's,Manipal — Information Technology,Paytm,Operations Manager,"Noida, India",anvi.reddy296@alumni.edu,Operations,"Merchant ops, SQL, Process design"
ALM-0297,Rohan Iyer,2019,Bachelor's,IIT Bombay — Electrical Engineering,CRED,Brand Manager,"Bangalore, India",rohan.iyer297@alumni.edu,Marketing,"Campaigns, Partnerships, Creative"
ALM-0298,Pihu Menon,2020,PhD,IIM Bangalore — Finance,Zerodha,Support Lead,"Bangalore, India",pihu.menon298@alumni.edu,Customer Experience,"Capital markets, KYC, Training"
ALM-0299,Ved Nair,2021,Master's,BITS Pilani — Mathematics,Groww,Content Strategist,"Bangalore, India",ved.nair299@alumni.edu,Marketing,"SEO, Personal finance, Video"
ALM-0300,Riya Das,2022,Bachelor's,SRCC — Economics,Policybazaar,Actuarial Analyst,"Gurgaon, India",riya.das300@alumni.edu,Actuarial,"Pricing, R, Excel, Insurance"
ALM-0301,Arin Kapoor,2023,Master's,NIT Trichy — Computer Science,Acko General Insurance,Claims Manager,"Mumbai, India",arin.kapoor301@alumni.edu,Operations,"Claims, Automation, SQL"
ALM-0302,Zayn Shah,2014,Master's,University of Mumbai — Commerce,Pine Labs,Sales Director,"Noida, India",zayn.shah302@alumni.edu,Sales,"Enterprise POS, Retail, Negotiation"
ALM-0303,Lina Verma,2015,Bachelor's,National University of Singapore — Business,BillDesk,Integration Engineer,"Mumbai, India",lina.verma303@alumni.edu,Engineering,"REST, Webhooks, Banking APIs"
ALM-0304,Omar Patel,2016,PhD,London School of Economics — Finance,Jupiter Money,UX Researcher,"Mumbai, India",omar.patel304@alumni.edu,Design,"User interviews, Banking, Figma"
ALM-0305,Nia Singh,2017,Master's,Ashoka University — Economics,Slice,Fraud Investigator,"Bangalore, India",nia.singh305@alumni.edu,Risk,"Chargebacks, Rules engines, SQL"
ALM-0306,Kai Reddy,2018,Bachelor's,IIIT Hyderabad — Computer Science,Open Financial,Security Engineer,Singapore,kai.reddy306@alumni.edu,Engineering,"AppSec, Threat modeling, AWS"
ALM-0307,Sia Iyer,2019,Master's,IIT Madras — Mechanical Engineering,Mollie,Finance Controller,"Maastricht, Netherlands",sia.iyer307@alumni.edu,Finance,"IFRS, FP&A, SaaS metrics"
ALM-0308,Leo Menon,2020,Master's,IIT Delhi — Physics,Checkout.com,SRE,"London, UK",leo.menon308@alumni.edu,Engineering,"Kubernetes, Observability, Payments uptime"
ALM-0309,Maya Nair,2021,Bachelor's,NALSAR — Law,SumUp,HR Business Partner,"Berlin, Germany",maya.nair309@alumni.edu,HR,"People ops, Compensation, DEI"
ALM-0310,Noor Das,2022,PhD,Christ University — Business Administration,Toast,Customer Success Manager,"Boston, USA",noor.das310@alumni.edu,Customer Success,"Restaurants, SaaS, QBR"
ALM-0311,Raj Kapoor,2023,Master's,Manipal — Information Technology,Brex,Corporate Counsel,"New York, USA",raj.kapoor311@alumni.edu,Legal,"Commercial contracts, Fintech regulatory"
ALM-0312,Eva Shah,2014,Bachelor's,IIT Bombay — Electrical Engineering,Mercury,Finance Ops Analyst,"New York, USA",eva.shah312@alumni.edu,Finance,"Banking ops, Reconciliation, SQL"
ALM-0313,Ian Verma,2015,Master's,IIM Bangalore — Finance,Ramp,Account Executive,"New York, USA",ian.verma313@alumni.edu,Sales,"SMB, Expense management, Outbound"
ALM-0314,Amy Patel,2016,Master's,BITS Pilani — Mathematics,Monzo,Data Engineer,"London, UK",amy.patel314@alumni.edu,Data & Analytics,"dbt, Snowflake, Airflow, Python"
ALM-0315,Ben Singh,2017,Bachelor's,SRCC — Economics,Starling Bank,Mobile Engineer,"London, UK",ben.singh315@alumni.edu,Engineering,"Swift, Banking apps, CI/CD"
ALM-0316,Uma Reddy,2018,PhD,NIT Trichy — Computer Science,N26,Localization PM,"Berlin, Germany",uma.reddy316@alumni.edu,Product,"i18n, Roadmaps, Analytics"
ALM-0317,Sid Iyer,2019,Master's,University of Mumbai — Commerce,Mollie,KYC Analyst,"Amsterdam, Netherlands",sid.iyer317@alumni.edu,Compliance,"EDD, Screening tools, Typologies"
ALM-0318,Joy Menon,2020,Bachelor's,National University of Singapore — Business,PayPal,Machine Learning Engineer,"Chennai, India",joy.menon318@alumni.edu,Data & Analytics,"Fraud ML, TensorFlow"
ALM-0319,Ray Nair,2021,Master's,London School of Economics — Finance,Goldman Sachs Marquee,Strats,"New York, USA",ray.nair319@alumni.edu,Quant,"Python, Pricing, Derivatives"
ALM-0320,Kim Das,2022,Master's,Ashoka University — Economics,JP Morgan Payments,Software Engineer,"Bengaluru, India",kim.das320@alumni.edu,Engineering,"Java, ISO20022, APIs"
ALM-0321,Ava Kapoor,2023,Bachelor's,IIIT Hyderabad — Computer Science,Visa,Network Engineer,Singapore,ava.kapoor321@alumni.edu,Engineering,"Routing, Protocols, Latency"
ALM-0322,Dan Shah,2014,PhD,IIT Madras — Mechanical Engineering,Mastercard,Cybersecurity Analyst,"Pune, India",dan.shah322@alumni.edu,Security,"SIEM, Threat intel, SOC"
ALM-0323,Eli Verma,2015,Master's,IIT Delhi — Physics,American Express,Product Owner,"Phoenix, USA",eli.verma323@alumni.edu,Product,"Rewards, Agile, Stakeholders"
ALM-0324,Fox Patel,2016,Bachelor's,NALSAR — Law,Capital One,Business Analyst,"McLean, USA",fox.patel324@alumni.edu,Data & Analytics,"SQL, Cards, Tableau"
ALM-0325,Gia Singh,2017,Master's,Christ University — Business Administration,Discover Financial,Audit Manager,"Chicago, USA",gia.singh325@alumni.edu,Audit,"SOX, Controls, Banking"
ALM-0326,Hal Reddy,2018,Master's,Manipal — Information Technology,Barclays,Equity Research Associate,"London, UK",hal.reddy326@alumni.edu,Finance,"Models, Excel, Sector coverage"
ALM-0327,Ivy Iyer,2019,Bachelor's,IIT Bombay — Electrical Engineering,HSBC,Trade Finance Specialist,Hong Kong,ivy.iyer327@alumni.edu,Trade Finance,"LCs, Documentary credits"
ALM-0328,Jax Menon,2020,PhD,IIM Bangalore — Finance,DBS Bank,Relationship Manager,Singapore,jax.menon328@alumni.edu,Commercial Banking,"SME lending, CRM"
ALM-0329,Ken Nair,2021,Master's,BITS Pilani — Mathematics,ICICI Bank Digital,Scrum Master,"Mumbai, India",ken.nair329@alumni.edu,Technology,"Agile, Jira, Release trains"
ALM-0330,Liv Das,2022,Bachelor's,SRCC — Economics,HDFC Bank,Branch Manager,"Hyderabad, India",liv.das330@alumni.edu,Retail Banking,"Sales, Ops, Compliance"
ALM-0331,Max Kapoor,2023,Master's,NIT Trichy — Computer Science,Kotak Mahindra,Wealth Advisor,"Mumbai, India",max.kapoor331@alumni.edu,Wealth,"Portfolio, Regulations, CRM"
ALM-0332,Anika Shah,2014,Master's,University of Mumbai — Commerce,Axis Bank,Credit Manager,"Bangalore, India",anika.shah332@alumni.edu,Credit,"SME loans, Financial analysis"
ALM-0333,Vihaan Verma,2015,Bachelor's,National University of Singapore — Business,Yes Bank,Treasury Dealer,"Mumbai, India",vihaan.verma333@alumni.edu,Treasury,"Money markets, ALM"
ALM-0334,Kiara Patel,2016,PhD,London School of Economics — Finance,Federal Bank,IT Architect,"Kochi, India",kiara.patel334@alumni.edu,Engineering,"Core banking, Cloud migration"
